{"lang": "json", "shots": 1000, "target": "qpu.aria-1", "name": "qubo_trotterization_0_9_q", "body": {"format": "ionq.circuit.v0", "gateset": "native", "qubits": 6, "circuit": [{"gate": "gpi2", "phase": 0.44366207318921513, "target": 0}, {"gate": "gpi2", "phase": 0.44366207318921513, "target": 1}, {"gate": "gpi2", "phase": 0.44366207318921513, "target": 2}, {"gate": "gpi2", "phase": 0.44366207318921513, "target": 3}, {"gate": "gpi2", "phase": 0.44366207318921513, "target": 4}, {"gate": "gpi2", "phase": 0.44366207318921513, "target": 5}]}}